{
  "version": 1,
  "author": "Uri Shaked",
  "editor": "wokwi",
  "parts": [
    {
      "type": "wokwi-esp32-devkit-v1",
      "id": "esp",
      "top": 14.3,
      "left": -5,
      "attrs": { "env": "micropython-20220618-v1.19.1" }
    },
    {
      "type": "wokwi-led",
      "id": "led1",
      "top": 169.2,
      "left": -159,
      "attrs": { "color": "red", "flip": "1" }
    },
    {
      "type": "wokwi-resistor",
      "id": "r1",
      "top": 205.55,
      "left": -115.2,
      "attrs": { "value": "1000" }
    },
    {
      "type": "wokwi-led",
      "id": "led2",
      "top": 44.4,
      "left": -168.6,
      "attrs": { "color": "yellow", "flip": "1" }
    },
    {
      "type": "wokwi-led",
      "id": "led3",
      "top": -22.8,
      "left": -149.4,
      "attrs": { "color": "green", "flip": "1" }
    },
    {
      "type": "wokwi-resistor",
      "id": "r3",
      "top": 32.75,
      "left": -115.2,
      "attrs": { "value": "1000" }
    },
    {
      "type": "wokwi-resistor",
      "id": "r4",
      "top": 90.35,
      "left": -124.8,
      "attrs": { "value": "1000" }
    },
    { "type": "board-ds18b20", "id": "temp1", "top": 8.47, "left": 157.68, "attrs": {} }
  ],
  "connections": [
    [ "esp:TX0", "$serialMonitor:RX", "", [] ],
    [ "esp:RX0", "$serialMonitor:TX", "", [] ],
    [ "led1:C", "r1:1", "black", [ "v0" ] ],
    [ "r4:1", "led2:C", "black", [ "v0" ] ],
    [ "r3:1", "led3:C", "black", [ "v0" ] ],
    [ "r3:2", "esp:GND.2", "black", [ "v0" ] ],
    [ "r1:2", "esp:GND.2", "black", [ "v0" ] ],
    [ "r4:2", "esp:GND.2", "black", [ "v0" ] ],
    [ "led1:A", "esp:D14", "green", [ "v19.2", "h105.6", "v-96.1" ] ],
    [ "led2:A", "esp:D13", "green", [ "v0" ] ],
    [ "led3:A", "esp:D12", "green", [ "v0" ] ],
    [ "esp:D4", "temp1:DQ", "green", [ "h0" ] ],
    [ "temp1:VCC", "esp:3V3", "red", [ "v0" ] ],
    [ "temp1:GND", "esp:GND.1", "black", [ "v0" ] ]
  ],
  "dependencies": {}
}